Top pages,Clicks,Impressions,CTR,Position
https://panamaspot.com/es/articles/senderos-el-valle-de-anton,5,80,6.25%,7.92
https://panamaspot.com/articles/boquete-coffee-farm-tour,4,126,3.17%,13.59
https://panamaspot.com/es/articles/aguas-termales-caldera-boquete,4,88,4.55%,9.69
https://panamaspot.com/articles/caldera-hot-springs-boquete,3,95,3.16%,10.17
https://panamaspot.com/articles/lost-waterfalls-boquete-hiking-guide,3,41,7.32%,11.05
https://panamaspot.com/articles/india-dormida-hike-el-valle-de-anton,2,133,1.50%,7.99
https://panamaspot.com/es/articles/cascada-chorro-el-macho-el-valle-de-anton,2,125,1.60%,7.88
https://panamaspot.com/articles/things-to-do-in-boquete-panama,1,404,0.25%,58.14
https://panamaspot.com/articles/things-to-do-el-valle-de-anton,1,367,0.27%,38.66
https://panamaspot.com/articles/tours-in-boquete-panama,1,164,0.61%,15.15
https://panamaspot.com/articles/chorro-el-macho-waterfall-el-valle-de-anton,1,139,0.72%,7.87
https://panamaspot.com/articles/el-valle-day-trip-from-panama-city,1,73,1.37%,17.05
https://panamaspot.com/es/articles/senderos-en-boquete-guia-completa,1,20,5%,6.05
https://panamaspot.com/,1,11,9.09%,3.73
https://panamaspot.com/articles/panama-city,0,589,0%,57.7
https://panamaspot.com/articles/tours-en-el-valle-de-anton,0,452,0%,9.04
https://panamaspot.com/es/articles/panama-city,0,251,0%,59.73
https://panamaspot.com/articles/hikes-el-valle-de-anton,0,162,0%,13.22
https://panamaspot.com/es/articles/que-hacer-el-valle-de-anton,0,91,0%,37.07
https://panamaspot.com/es/articles/tours-el-valle-de-anton,0,74,0%,9.58
https://panamaspot.com/articles/hikes-in-boquete,0,72,0%,18.11
https://panamaspot.com/articles/bocas-del-toro,0,58,0%,74.48
https://panamaspot.com/es/articles/sendero-india-dormida-el-valle-de-anton,0,53,0%,12.49
https://panamaspot.com/es/articles/el-valle-de-anton-desde-ciudad-de-panama,0,51,0%,9.24
https://panamaspot.com/articles/el-valle-de-anton,0,47,0%,84.98
https://panamaspot.com/es/articles/que-hacer-en-boquete-guia-completa,0,15,0%,10
https://panamaspot.com/es/articles/como-llegar-a-boquete-sin-carro,0,9,0%,9.89
https://panamaspot.com/es/articles/tours-en-boquete-panama,0,8,0%,13.5
https://panamaspot.com/es,0,7,0%,18.43
https://panamaspot.com/es/articles/el-valle-de-anton,0,6,0%,12.5