Top pages,Clicks,Impressions,CTR,Position
https://panamaspot.com/es/articles/aguas-termales-caldera-boquete,8,292,2.74%,9.08
https://panamaspot.com/articles/caldera-hot-springs-boquete,8,290,2.76%,9.77
https://panamaspot.com/articles/boquete-coffee-farm-tour,7,282,2.48%,14.5
https://panamaspot.com/es/articles/senderos-el-valle-de-anton,7,133,5.26%,8.65
https://panamaspot.com/es/articles/cascada-chorro-el-macho-el-valle-de-anton,6,356,1.69%,8.35
https://panamaspot.com/articles/lost-waterfalls-boquete-hiking-guide,5,135,3.7%,11.28
https://panamaspot.com/es/articles/sendero-india-dormida-el-valle-de-anton,4,192,2.08%,11.95
https://panamaspot.com/articles/things-to-do-el-valle-de-anton,3,566,0.53%,34.16
https://panamaspot.com/articles/chorro-el-macho-waterfall-el-valle-de-anton,3,351,0.85%,7.89
https://panamaspot.com/articles/india-dormida-hike-el-valle-de-anton,3,290,1.03%,8.35
https://panamaspot.com/articles/el-valle-day-trip-from-panama-city,3,159,1.89%,17.54
https://panamaspot.com/articles/things-to-do-in-boquete-panama,2,591,0.34%,51.75
https://panamaspot.com/es/articles/que-hacer-el-valle-de-anton,2,145,1.38%,29.7
https://panamaspot.com/es/articles/senderos-en-boquete-guia-completa,2,40,5%,6.83
https://panamaspot.com/,2,29,6.9%,4.97
https://panamaspot.com/articles/tours-in-boquete-panama,1,302,0.33%,13.21
https://panamaspot.com/articles/hikes-el-valle-de-anton,1,235,0.43%,12.19
https://panamaspot.com/es/articles/el-valle-de-anton-desde-ciudad-de-panama,1,193,0.52%,7.32
https://panamaspot.com/articles/hikes-in-boquete,1,142,0.7%,16.23
https://panamaspot.com/es/articles/como-llegar-a-boquete-sin-carro,1,27,3.7%,8.19
https://panamaspot.com/articles/panama-city,0,876,0%,56.93
https://panamaspot.com/articles/tours-en-el-valle-de-anton,0,580,0%,9.65
https://panamaspot.com/es/articles/panama-city,0,379,0%,58.79
https://panamaspot.com/articles/bocas-del-toro,0,110,0%,71.85
https://panamaspot.com/es/articles/tours-el-valle-de-anton,0,93,0%,9.13
https://panamaspot.com/articles/el-valle-de-anton,0,52,0%,77.48
https://panamaspot.com/es/articles/que-hacer-en-boquete-guia-completa,0,23,0%,11.17
https://panamaspot.com/es/articles/tours-en-boquete-panama,0,16,0%,23.12
https://panamaspot.com/es,0,12,0%,18.83
https://panamaspot.com/es/articles/el-valle-de-anton,0,8,0%,11.25
https://panamaspot.com/es/articles/alquiler-de-bicicletas-boquete,0,2,0%,9
https://panamaspot.com/articles/chorro-el-macho-waterfall-el-valle-de-anton#s1,0,1,0%,5
https://panamaspot.com/articles/chorro-el-macho-waterfall-el-valle-de-anton#s3,0,1,0%,5
https://panamaspot.com/articles/chorro-el-macho-waterfall-el-valle-de-anton#s5,0,1,0%,5
https://panamaspot.com/articles/chorro-el-macho-waterfall-el-valle-de-anton#s6,0,1,0%,5
https://panamaspot.com/images/hikes-el-valle.webp,0,1,0%,5
https://panamaspot.com/es/articles/senderos-el-valle-de-anton#s1,0,1,0%,11
https://panamaspot.com/es/articles/senderos-el-valle-de-anton#s2,0,1,0%,11
https://panamaspot.com/es/articles/senderos-el-valle-de-anton#s3,0,1,0%,11
https://panamaspot.com/es/articles/senderos-el-valle-de-anton#s4,0,1,0%,11
https://panamaspot.com/es/articles/senderos-el-valle-de-anton#s5,0,1,0%,11
https://panamaspot.com/es/articles/senderos-el-valle-de-anton#s6,0,1,0%,11
https://panamaspot.com/es/articles/senderos-el-valle-de-anton#s7,0,1,0%,11