Top queries,Clicks,Impressions,CTR,Position
chorro el macho waterfall,1,18,5.56%,5.94
boquete coffee tour,1,3,33.33%,13.33
pozos termales de gualaca,1,3,33.33%,51
panama city,0,386,0%,53.08
boquete,0,157,0%,70.14
el valle de anton,0,93,0%,63.42
panama city panama,0,84,0%,51.25
ciudad de panama,0,54,0%,65.74
boquete in panama,0,53,0%,83.89
bocas islands,0,52,0%,79.9
chorro el macho,0,45,0%,9.22
caldera hot springs,0,45,0%,12.04
boquete panama,0,38,0%,67.37
el valle biking and hiking tours,0,37,0%,5.89
things to do in el valle,0,37,0%,52.19
chiriqui boquete tours,0,35,0%,14.29
valle de anton travel guide,0,35,0%,62.49
panama capital,0,34,0%,59.5
boquete travel guide,0,32,0%,87.78
valle de anton,0,30,0%,61.07
capital de panama,0,26,0%,62
ciudad panama,0,24,0%,65.25
anton valley panama,0,22,0%,71.59
chorro el macho panama,0,21,0%,6.95
anton valley,0,20,0%,65.1
el valle panama,0,19,0%,46.74
panama boquete,0,18,0%,86.67
go panama bike tours india dormida and waterfall price,0,17,0%,3.65
panama panama city panama,0,17,0%,52.82
capital de panamá,0,17,0%,64.35
is panama city worth visiting,0,17,0%,96.88
boquete outdoor adventures prices,0,16,0%,4.81
panamá city panamá,0,16,0%,34.56
panamá city,0,16,0%,51.25
barefoot panama el valle explorer tour,0,15,0%,9.2
panama city in panama,0,15,0%,37.8
capital panamá,0,15,0%,56.73
panama capital city,0,15,0%,69.13
chorro el macho precio,0,14,0%,7.5
la ciudad de panama,0,14,0%,62.64
chorro macho el valle de antón panama,0,13,0%,8.69
caldera boquete,0,13,0%,9.38
boquete tours,0,13,0%,31.77
panama city to el valle de anton day trip,0,13,0%,52.77
panama city to el valle de anton,0,13,0%,61
chorro el macho horario,0,12,0%,5
ciudad de panamá,0,12,0%,54.75
panamá capital,0,12,0%,55.25
el chorro macho,0,11,0%,11.82
caldera hot springs panama,0,11,0%,17.18
india dormida,0,11,0%,49.73
panama ciudad,0,11,0%,59.45
panama city tourism,0,11,0%,60.18
ven al valle guia y tours operadores el valle de anton,0,10,0%,7
boquete tour guide,0,10,0%,28.3
panama panama city,0,10,0%,44
la india dormida,0,10,0%,46.2
el valle biking and hiking tours sunrise hike,0,9,0%,7.22
chorro el macho valle de antón,0,9,0%,12.89
chorro macho,0,9,0%,16.11
where is panama city,0,9,0%,36.78
bocas water sports,0,9,0%,58.44
panama city travel,0,9,0%,70.56
places to visit in panama city,0,9,0%,85.78
things to do in boquete,0,9,0%,97.44
hot springs boquete panama,0,8,0%,10.5
ciudad de panama panama,0,8,0%,55.88
la capital de panamá,0,8,0%,58
ciudad de panama capital,0,8,0%,58.25
pananma city panama,0,8,0%,61.62
bocas del toros,0,8,0%,68.75
capital of panama,0,8,0%,85.12
la india dormida sunrise hike start time 4:30 5:00,0,7,0%,4.86
cascada el macho valle de anton,0,7,0%,7.86
chorro macho panama,0,7,0%,8.29
venalvalle guia y tours operadores el valle de anton,0,7,0%,10.14
bocas del toro island hopping,0,7,0%,84.43
chorro macho el valle,0,6,0%,7.33
aguas termales caldera,0,6,0%,8.17
aguas termales caldera boquete,0,6,0%,10
aguas termales de caldera,0,6,0%,10.5
pozos termales de caldera,0,6,0%,15
ciudad de panamá or panamá,0,6,0%,46.5
panama centro,0,6,0%,50.17
panama city panama central america,0,6,0%,57.33
el valle de antón,0,6,0%,59
visiting panama city,0,6,0%,74.5
sendero de la india dormida,0,5,0%,7.4
cascada chorro el macho panama,0,5,0%,9
chorro el macho el valle,0,5,0%,9.2
que hacer en el valle de antón gratis,0,5,0%,11
india dormida hike,0,5,0%,11.8
aguas termales,0,5,0%,14
chorro macho valle de anton,0,5,0%,15
panama city panamá,0,5,0%,21.6
visitas turísticas en el valle de anton,0,5,0%,29.4
panamá ciudad,0,5,0%,46.4
panama ciudad de panama,0,5,0%,47.6
el valle de anton panama,0,5,0%,53
ciudad panamá,0,5,0%,54
where is panama city panama,0,5,0%,55.2
valle de anton panama,0,5,0%,62
visit panama city panama,0,5,0%,64
la capital de panama,0,5,0%,64.6
boat from panama city to bocas del toro,0,5,0%,69
panama city panama travel,0,5,0%,69.4
panama city panama location,0,5,0%,77.8
what is the capital of panama,0,5,0%,78.2
things to do in boquete panama,0,5,0%,93.4
la india dormida hike,0,4,0%,8
caldera hot springs photos,0,4,0%,8.25
boquete coffee tours,0,4,0%,9.75
senderos en el valle de anton,0,4,0%,9.75
hot springs near me,0,4,0%,10
caldera panama,0,4,0%,11.25
caldera chiriqui,0,4,0%,12.75
caldera,0,4,0%,13
el chorro del macho,0,4,0%,15.5
el valle,0,4,0%,21.5
cerro cara iguana hike,0,4,0%,34
el valle de anton waterfalls,0,4,0%,38
pipeline trail boquete,0,4,0%,47.75
capital panama,0,4,0%,51.75
boquete to panama city,0,4,0%,54.25
panema city,0,4,0%,56
panama-stad,0,4,0%,57.5
st julian to popeye village and san anton day trip,0,4,0%,58.5
panama city panama downtown,0,4,0%,60.25
boca del toro,0,4,0%,64.75
el valle in panama,0,4,0%,65.75
panama city mexico,0,4,0%,71.25
day trips from panama city panama,0,4,0%,74.25
panamá panamá,0,4,0%,75
boquette panama,0,4,0%,77
travel to bocas del toro,0,4,0%,84
capital of panama city,0,4,0%,85
panama city what to do,0,4,0%,86.75
caldera hot springs boquete panama,0,3,0%,5
el macho waterfall,0,3,0%,7.67
coffee tour boquete panama,0,3,0%,13.33
pozos termales caldera,0,3,0%,15
farm bocas,0,3,0%,26.33
el macho,0,3,0%,27
el valle de antón como llegar,0,3,0%,33.67
panama city wikivoyage,0,3,0%,36
panama city day trip,0,3,0%,37.33
que hacer en el valle de anton,0,3,0%,37.33
panama city pa,0,3,0%,40.67
panama city panama city,0,3,0%,41.33
conde nast panama,0,3,0%,47.33
panama ciudad de,0,3,0%,48
boquete hiking trails,0,3,0%,48.33
panama city republic of panama,0,3,0%,51.67
panama city to boquete,0,3,0%,54.67
panama downtown,0,3,0%,55
panama coty,0,3,0%,56
hot springs near boquete panama,0,3,0%,59.67
panma city,0,3,0%,59.67
panama canal city,0,3,0%,62
"boquete, panama",0,3,0%,65
what to do in boquete panama,0,3,0%,65
downtown panama city panama,0,3,0%,66.67
visiting panama city panama,0,3,0%,67
panama city of panama,0,3,0%,69
cuál es la capital de panamá,0,3,0%,70
islands of bocas del toro,0,3,0%,70.67
bocas del toro trip,0,3,0%,74.33
panama city facts,0,3,0%,75
capital of el panama,0,3,0%,76
panama city known for,0,3,0%,76
traveling to bocas del toro panama,0,3,0%,76.67
bocas del toro guide,0,3,0%,77
panama's capital,0,3,0%,78
capital city of panama country,0,3,0%,80
chiriqui boquete,0,3,0%,81.67
panama city guide,0,3,0%,82
hiking in the valle de tena,0,3,0%,82.67
best hiking trails in vidrà,0,3,0%,83.33
boquete panama coffee,0,3,0%,90.67
best places to visit nearby,0,2,0%,1
panama spot,0,2,0%,6
chorro el macho el valle de anton,0,2,0%,7
caldera boquete panama,0,2,0%,7.5
sendero la india dormida,0,2,0%,8.5
tour cafe boquete,0,2,0%,8.5
aguas termales boquete,0,2,0%,9
el valle biking and hiking tours el valle de anton,0,2,0%,9
el valle artisan market,0,2,0%,9.5
hot springs boquete,0,2,0%,9.5
cascada chorro el macho,0,2,0%,10
chorro del macho,0,2,0%,10
boquete hot springs panama,0,2,0%,10.5
caldera hot springs reviews,0,2,0%,10.5
chorro macho waterfall,0,2,0%,10.5
el chorro el macho,0,2,0%,11
india dormida trail,0,2,0%,11.5
que hacer en valle de anton,0,2,0%,12.5
caldera hot spring,0,2,0%,14.5
boquete hot springs,0,2,0%,17
koffietour boquete,0,2,0%,17.5
chorro las mozas,0,2,0%,19.5
finca lerida coffee tour,0,2,0%,23.5
cascadas en el valle de anton,0,2,0%,26
india dormida panama,0,2,0%,33
india dormida valle de anton,0,2,0%,35.5
coffee tour near me,0,2,0%,40
waterfalls boquete panama,0,2,0%,41.5
boquete coffee plantations,0,2,0%,43.5
el valle en panama,0,2,0%,43.5
panama city panama day trips,0,2,0%,44
panam city,0,2,0%,44.5
panamá city panama,0,2,0%,44.5
things to do in el valle de anton,0,2,0%,44.5
the lost waterfalls / los tres cascadas,0,2,0%,45
hot springs panama,0,2,0%,46
boquete panama hiking,0,2,0%,47
ciudad de panam,0,2,0%,49
el valle de anton lugares turisticos,0,2,0%,49
los quetzales trail,0,2,0%,51.5
el valle volcano,0,2,0%,53.5
panama coffee tour,0,2,0%,54.5
la india dormida panama,0,2,0%,55
valle anton panama,0,2,0%,56
centro de ciudad de panama,0,2,0%,57.5
bouquet panama,0,2,0%,58
panama city panama tourism,0,2,0%,58
panama stad,0,2,0%,58.5
panama city que hacer,0,2,0%,59.5
panama cirty,0,2,0%,60
panamah city,0,2,0%,60
day trip from panama city,0,2,0%,62
boquete flower festival 2023,0,2,0%,63.5
boquete panamá,0,2,0%,63.5
panama city visit,0,2,0%,64
capital do panamá,0,2,0%,65.5
flights to boquete panama,0,2,0%,66
panama city panama panama,0,2,0%,66
guide to panama city,0,2,0%,69
city panama,0,2,0%,69.5
day trips from panama city,0,2,0%,69.5
cual es la capital de panama,0,2,0%,70.5
what is panama city,0,2,0%,70.5
anton panama,0,2,0%,71
panama city via argentina,0,2,0%,71
panama cloud forest,0,2,0%,71
panama panama,0,2,0%,72
bocas del toro,0,2,0%,74
panamacity,0,2,0%,74.5
boquete what to do,0,2,0%,75.5
capital of panama central america,0,2,0%,76.5
panama city information,0,2,0%,76.5
travel in panama city,0,2,0%,78
panama city panama facts,0,2,0%,81.5
panama cty,0,2,0%,83
boquete panama what to do,0,2,0%,83.5
what is the capital of panama city,0,2,0%,84
boquete chiriqui,0,2,0%,85.5
panama city travel guide,0,2,0%,85.5
panama boquete coffee,0,2,0%,86.5
panama city to fort san lorenzo day trip,0,2,0%,91
panama coffee farm,0,2,0%,91.5
what is panama city known for,0,2,0%,92
boquete flower & coffee fair,0,2,0%,93.5
what is in panama city,0,2,0%,95.5
address in panama city panama,0,2,0%,97
aktueller standort höhe,0,1,0%,1
best places for hot springs,0,1,0%,1
best waterfall hikes,0,1,0%,1
hiking trails near me with waterfalls,0,1,0%,1
gaital,0,1,0%,2
is it a difficult hike,0,1,0%,2
yes,0,1,0%,2
el macho waterfall panama,0,1,0%,3
cerro la cruz valle de anton,0,1,0%,4
en la noche,0,1,0%,4
auf eigene faust,0,1,0%,5
goedkoopste,0,1,0%,5
que hacer en el valle,0,1,0%,5
snow tubing hills near me open today,0,1,0%,5
how to get to the hot springs,0,1,0%,6
places to visit panama,0,1,0%,6
things to do in panama,0,1,0%,6
what can i see,0,1,0%,6
chorro macho el valle de anton,0,1,0%,7
fotos de chorro macho,0,1,0%,7
chorro macho waterfall panama,0,1,0%,8
el valle panama waterfall,0,1,0%,8
el valle waterfall,0,1,0%,8
gewone fietsen,0,1,0%,8
la india dormida trail entrance fee 3 dollars,0,1,0%,8
boquete coffee farms,0,1,0%,9
cerro de la mujer dormida panama,0,1,0%,9
el chorro macho waterfall,0,1,0%,9
el valle artisan market panama,0,1,0%,9
ruta de las termas,0,1,0%,9
aguas termales de caldera boquete,0,1,0%,10
aguas termales en chiriqui,0,1,0%,10
chorro macho photos,0,1,0%,10
coffee farm boquete panama,0,1,0%,10
hiking tours near me,0,1,0%,10
la india dormida entrance fee 3 dollars,0,1,0%,10
senderos del valle,0,1,0%,10
senderos en boquete,0,1,0%,10
aguas termales cerca de mi,0,1,0%,11
aguas yermales,0,1,0%,11
coffee farms near me,0,1,0%,11
machi waterfall,0,1,0%,11
what is happening near me,0,1,0%,11
yes tell me more about both,0,1,0%,11
best hikes near me,0,1,0%,12
coffee tours boquete,0,1,0%,12
india dormida hike panama,0,1,0%,12
india dormida trail panama,0,1,0%,12
valle de anton india dormida,0,1,0%,12
best day trips from panama city,0,1,0%,14
boquete panama tours,0,1,0%,15
boquete outdoor adventures,0,1,0%,17
el valle panama hot springs,0,1,0%,17
boquete como llegar,0,1,0%,20
boquete outdoor adventures panama,0,1,0%,20
zipline el valle,0,1,0%,21
bilder,0,1,0%,22
termas,0,1,0%,24
best of panama city,0,1,0%,25
boquete panama hot springs,0,1,0%,25
tours en boquete,0,1,0%,26
valle panama,0,1,0%,26
panama city where,0,1,0%,27
boquete waterfall,0,1,0%,28
boquete coffee plantation,0,1,0%,29
hikes in boquete,0,1,0%,29
boquete panama altitude,0,1,0%,30
panama city is where,0,1,0%,30
hanging bridges boquete,0,1,0%,31
what to do in panama city,0,1,0%,31
crater valley panama,0,1,0%,32
historia de la india dormida,0,1,0%,32
cerro de la india dormida,0,1,0%,34
panama ville,0,1,0%,35
panama city review,0,1,0%,38
panama city what to see,0,1,0%,38
boquete panama airport,0,1,0%,39
lost waterfalls trail panama,0,1,0%,39
rio caldera,0,1,0%,39
turismo en el valle de anton,0,1,0%,39
spots,0,1,0%,40
what does panama city look like,0,1,0%,40
boquete horseback riding,0,1,0%,41
chorro la poma,0,1,0%,42
coffee bean direct panama boquete,0,1,0%,42
hot springs in panama,0,1,0%,42
panama city centre,0,1,0%,42
how to get to el valle de anton from panama city,0,1,0%,43
la india dormida valle de anton,0,1,0%,43
oanama city,0,1,0%,43
panama hot springs,0,1,0%,43
alto chorro panama,0,1,0%,44
panama cit,0,1,0%,44
boquete hiking,0,1,0%,45
valle anton,0,1,0%,45
panama c,0,1,0%,46
take me to panama city,0,1,0%,46
valle de anton que hacer,0,1,0%,46
la ciudad de panamá,0,1,0%,47
montaña de la india dormida,0,1,0%,48
cerro india vieja,0,1,0%,49
centro panama,0,1,0%,50
things to see in panama city,0,1,0%,50
casco viejo panama city panama,0,1,0%,51
hiking trails near me,0,1,0%,51
capital de panamá en español,0,1,0%,52
capital panama city,0,1,0%,52
lugares en el valle de anton,0,1,0%,52
panama citt,0,1,0%,52
what to see in panama city,0,1,0%,52
how far is boquete from panama city panama,0,1,0%,53
panama city capital of panama,0,1,0%,54
"panama city, panama",0,1,0%,54
what to see in panama city panama,0,1,0%,54
lugares para visitar en el valle de anton,0,1,0%,56
lugares turísticos del valle de antón,0,1,0%,56
panama ciry,0,1,0%,56
panama citty,0,1,0%,56
panama city panama landmarks,0,1,0%,56
capital de panama es,0,1,0%,57
panama city wikitravel,0,1,0%,57
panama ciudad panama,0,1,0%,57
capital de panama en ingles,0,1,0%,58
ciudad de panamá panamá,0,1,0%,58
bouquete panama,0,1,0%,59
bouqute panama,0,1,0%,59
capital de costa panama,0,1,0%,59
el capital de panama,0,1,0%,59
el toyonal,0,1,0%,59
panama stadt,0,1,0%,59
bokotas,0,1,0%,60
capital of panamá,0,1,0%,60
capitale panama,0,1,0%,60
centro de panama,0,1,0%,60
city of panama,0,1,0%,60
india dormida panamá,0,1,0%,60
la ciudad panama,0,1,0%,60
panama city panama tourist,0,1,0%,60
coffee boquete,0,1,0%,62
cual es la capital de panamá,0,1,0%,62
panama ca,0,1,0%,62
via espana panama city,0,1,0%,62
panama city tourist,0,1,0%,63
how far is boquete from panama city,0,1,0%,64
panama city trip,0,1,0%,64
pozos termales,0,1,0%,64
what is panama capital city,0,1,0%,64
boquete panama city,0,1,0%,65
panama city center,0,1,0%,65
panana city,0,1,0%,65
sacramento to panama city panama,0,1,0%,65
panama city sights,0,1,0%,66
lost waterfall trail boquete,0,1,0%,67
panamastad,0,1,0%,67
boquete coffee,0,1,0%,68
panama capitol,0,1,0%,68
travel panama city panama,0,1,0%,68
where is panama city located in panama,0,1,0%,68
boquetes,0,1,0%,69
panama city sites,0,1,0%,69
capital city panama,0,1,0%,70
elle valle panama,0,1,0%,70
panama city south america,0,1,0%,70
bocas del toro itinerary,0,1,0%,71
boquete panama activities,0,1,0%,71
panama city to guatemala city,0,1,0%,71
panama city.,0,1,0%,71
punta del sol,0,1,0%,71
que ver en panama city,0,1,0%,71
tourism in panama city panama,0,1,0%,71
booquete,0,1,0%,72
canal panama city,0,1,0%,72
valle de anton en panama,0,1,0%,72
boquete panama attractions,0,1,0%,73
los angeles to panama city panama,0,1,0%,73
panama canal panama city,0,1,0%,73
boquete panama to do,0,1,0%,74
panama capitale,0,1,0%,74
pannama city,0,1,0%,74
punta mala panama,0,1,0%,74
panama anton valley,0,1,0%,76
panama main city,0,1,0%,76
what is the city of panama,0,1,0%,76
boquete panama downtown,0,1,0%,77
is panama city panama worth visiting,0,1,0%,78
things to do boquete panama,0,1,0%,78
travel panama city,0,1,0%,78
ciudad en panama,0,1,0%,79
capital for panama,0,1,0%,80
city of panama panama,0,1,0%,81
panama city in central america,0,1,0%,81
panamal city,0,1,0%,81
boquete panama things to do,0,1,0%,82
boquetepanama,0,1,0%,82
boquete things to do,0,1,0%,83
capital of panima,0,1,0%,83
what is the capital city of panama,0,1,0%,83
where is panama city panama located,0,1,0%,83
landmarks in panama city panama,0,1,0%,84
where is panama city in panama,0,1,0%,85
panama capital city name,0,1,0%,86
what is panama's capital city,0,1,0%,86
what's the capital of panama,0,1,0%,86
hirequest direct of panama city,0,1,0%,88
nyc to panama city panama,0,1,0%,88
vacationing in panama city panama,0,1,0%,88
panama city what to visit,0,1,0%,90
is panama city in the us,0,1,0%,91
things to see in panama city panama,0,1,0%,92
boquete region,0,1,0%,93
capital of panama country,0,1,0%,94
panama city capital,0,1,0%,94
the city of panama city,0,1,0%,95